",""Env"",""DF"",""BI"",""BI"",""SI"",""SI"",""EI"",""EI"",""CI"",""CI"",""MI"",""MI"",""PPI"",""PPI"",""MI25"",""MI25"",""sigmaMI"",""sigmaMI"",""sigmaMI25"",""sigmaMI25"",""PPI.1"",""PPI.1"",""SR"",""SR"",""rarefy"",""rarefy"",""H"",""H"",""D"",""D"",""J"",""J"",""H1"",""H1"",""N"",""N"""
"1,""X"",""X"",""CHI2"",""p-value"",""CHI2"",""p-value"",""CHI2"",""p-value"",""CHI2"",""p-value"",""CHI2"",""p-value"",""CHI2"",""p-value"",""CHI2"",""p-value"",""CHI2"",""p-value"",""CHI2"",""p-value"",""CHI2"",""p-value"",""CHI2"",""p-value"",""CHI2"",""p-value"",""CHI2"",""p-value"",""CHI2"",""p-value"",""CHI2"",""p-value"",""CHI2"",""p-value"",""CHI2"",""p-value"""
"2,""age_class"",""3"",""4.95"",""0.176"",""1.48"",""0.687"",""1.06"",""0.787"",""3.7"",""0.296"",""2.7"",""0.44"",""10.75"",""0.013"",""2.07"",""0.557"",""8.52"",""0.036"",""5.14"",""0.162"",""8.85"",""0.031"",""0.68"",""0.879"",""3.3"",""0.347"",""4.8"",""0.187"",""6.17"",""0.104"",""4.36"",""0.225"",""4.95"",""0.176"",""10.1"",""0.018"""
"3,""samcam"",""1"",""1.74"",""0.187"",""1.04"",""0.309"",""2.37"",""0.124"",""0.86"",""0.353"",""4.86"",""0.028"",""2.77"",""0.096"",""1.93"",""0.164"",""44.47"",""0"",""0.66"",""0.417"",""0.41"",""0.521"",""5.02"",""0.025"",""6.08"",""0.014"",""3.18"",""0.075"",""2.45"",""0.117"",""1.25"",""0.263"",""1.28"",""0.258"",""0.81"",""0.369"""
"4,""age_class:samcam"",""3"",""17.47"",""0.001"",""1.85"",""0.605"",""1.54"",""0.673"",""0.05"",""0.997"",""7.91"",""0.048"",""9.33"",""0.025"",""4.19"",""0.242"",""10.33"",""0.016"",""4.98"",""0.173"",""9.84"",""0.02"",""1.57"",""0.667"",""4.14"",""0.247"",""5.47"",""0.14"",""5.6"",""0.133"",""4.35"",""0.226"",""6.18"",""0.103"",""1.05"",""0.788"""
"5,""R2m"",NA,NA,""0.48"",NA,""0.14"",NA,""0.18"",NA,""0.19"",NA,""0.33"",NA,""0.52"",NA,""0.22"",NA,""0.51"",NA,""0.31"",NA,""0.45"",NA,""0.22"",NA,""0.36"",NA,""0.38"",NA,""0.39"",NA,""0.31"",NA,""0.35"",NA,""0.34"""
"6,""R2c"",NA,NA,""0.69"",NA,""0.58"",NA,""0.18"",NA,""0.3"",NA,""0.65"",NA,""0.69"",NA,""0.56"",NA,""0.95"",NA,""0.71"",NA,""0.55"",NA,""0.32"",NA,""0.4"",NA,""0.38"",NA,""0.39"",NA,""0.31"",NA,""0.35"",NA,""0.34"""
"7,""X"",""X"",""normal"",""normal"",""normal"",""normal"",""normal"",""normal"",""normal"",""normal"",""normal"",""normal"",""normal"",""normal"",""normal"",""normal"",""normal"",""normal"",""normal"",""normal"",""normal"",""normal"",""normal"",""normal"",""normal"",""normal"",""normal"",""normal"",""normal"",""normal"",""normal"",""normal"",""normal"",""normal"",""normal"",""normal"""
",""Env"",""DF"",""BI"",""BI"",""SI"",""SI"",""EI"",""EI"",""CI"",""CI"",""MI"",""MI"",""PPI"",""PPI"",""MI25"",""MI25"",""sigmaMI"",""sigmaMI"",""sigmaMI25"",""sigmaMI25"",""PPI.1"",""PPI.1"",""SR"",""SR"",""rarefy"",""rarefy"",""H"",""H"",""D"",""D"",""J"",""J"",""H1"",""H1"",""N"",""N"""
"1,""X"",""X"",""KR-F"",""p-value"",""KR-F"",""p-value"",""KR-F"",""p-value"",""KR-F"",""p-value"",""KR-F"",""p-value"",""KR-F"",""p-value"",""KR-F"",""p-value"",""KR-F"",""p-value"",""KR-F"",""p-value"",""KR-F"",""p-value"",""KR-F"",""p-value"",""KR-F"",""p-value"",""KR-F"",""p-value"",""KR-F"",""p-value"",""KR-F"",""p-value"",""KR-F"",""p-value"",""KR-F"",""p-value"""
"2,""NA"",""NA"",""1.71"",""0.244"",""0.49"",""0.697"",""0.35"",""0.789"",""1.2"",""0.372"",""0.99"",""0.446"",""3.52"",""0.072"",""0.69"",""0.582"",""3.21"",""0.083"",""1.71"",""0.241"",""2.95"",""0.098"",""0.23"",""0.876"",""1.1"",""0.404"",""1.6"",""0.267"",""2.04"",""0.19"",""1.47"",""0.298"",""1.65"",""0.254"",""3.37"",""0.075"""
"3,""NA"",""NA"",""1.66"",""0.24"",""1.04"",""0.339"",""2.37"",""0.162"",""0.81"",""0.397"",""3.83"",""0.089"",""1.74"",""0.229"",""1.93"",""0.202"",""35.31"",""0.001"",""0.66"",""0.441"",""0.41"",""0.539"",""5.02"",""0.055"",""6.08"",""0.039"",""2.72"",""0.139"",""2.03"",""0.194"",""1.01"",""0.346"",""1.28"",""0.29"",""0.81"",""0.395"""
"4,""NA"",""NA"",""5.45"",""0.032"",""0.62"",""0.624"",""0.51"",""0.685"",""0.02"",""0.997"",""2.6"",""0.131"",""3.05"",""0.104"",""1.4"",""0.313"",""3.41"",""0.093"",""1.66"",""0.252"",""3.28"",""0.08"",""0.52"",""0.679"",""1.38"",""0.317"",""1.8"",""0.228"",""1.84"",""0.221"",""1.43"",""0.306"",""2.06"",""0.184"",""0.35"",""0.79"""
"5,""R2m"",NA,NA,""0.48"",NA,""0.14"",NA,""0.18"",NA,""0.19"",NA,""0.33"",NA,""0.52"",NA,""0.22"",NA,""0.51"",NA,""0.31"",NA,""0.45"",NA,""0.22"",NA,""0.36"",NA,""0.38"",NA,""0.39"",NA,""0.31"",NA,""0.35"",NA,""0.34"""
"6,""R2c"",NA,NA,""0.69"",NA,""0.58"",NA,""0.18"",NA,""0.3"",NA,""0.65"",NA,""0.69"",NA,""0.56"",NA,""0.95"",NA,""0.71"",NA,""0.55"",NA,""0.32"",NA,""0.4"",NA,""0.38"",NA,""0.39"",NA,""0.31"",NA,""0.35"",NA,""0.34"""
"7,""X"",""X"",""normal"",""normal"",""normal"",""normal"",""normal"",""normal"",""normal"",""normal"",""normal"",""normal"",""normal"",""normal"",""normal"",""normal"",""normal"",""normal"",""normal"",""normal"",""normal"",""normal"",""normal"",""normal"",""normal"",""normal"",""normal"",""normal"",""normal"",""normal"",""normal"",""normal"",""normal"",""normal"",""normal"",""normal"""
",""Factor1"",""Factor1"",""BI"",""BI"",""SI"",""SI"",""EI"",""EI"",""CI"",""CI"",""MI"",""MI"",""PPI"",""PPI"",""MI25"",""MI25"",""sigmaMI"",""sigmaMI"",""sigmaMI25"",""sigmaMI25"",""PPI.1"",""PPI.1"",""SR"",""SR"",""rarefy"",""rarefy"",""H"",""H"",""D"",""D"",""J"",""J"",""H1"",""H1"",""N"",""N"""
"1,""age_class"",""samcam"",""lsmean"",""group"",""lsmean"",""group"",""lsmean"",""group"",""lsmean"",""group"",""lsmean"",""group"",""lsmean"",""group"",""lsmean"",""group"",""lsmean"",""group"",""lsmean"",""group"",""lsmean"",""group"",""lsmean"",""group"",""lsmean"",""group"",""lsmean"",""group"",""lsmean"",""group"",""lsmean"",""group"",""lsmean"",""group"",""lsmean"",""group"""
"2,""B_Sp_young"",""2"",""22.7629436839963"","" 12"",""44.224924012158"","" 1"",""66.3513513513514"","" 1"",""7.3015873015873"","" 1"",""2.05600664645323"","" 1"",""2.56671508611745"","" 12"",""2.43053145684725"","" 1"",""2.29957513277104"","" 12  "",""2.51995051731894"","" 1"",""1.14168762514464"","" 12"",""11"","" 1"",""8.76868978537469"","" 1"",""1.65328396883007"","" 1"",""0.723743980660853"","" 1"",""0.69090951992791"","" 1"",""5.33537792722356"","" 1"",""1419.66666666667"","" 1"""
"3,""C_Sp_int1"",""2"",""18.6842429637486"","" 12"",""38.5653653320945"","" 1"",""67.5334701852002"","" 1"",""27.8514294765186"","" 1"",""1.91615247085747"","" 1"",""1.06593550071811"","" 1 "",""2.32209709896338"","" 1"",""2.00529239766082"","" 1 3 "",""2.36380981681186"","" 1"",""0.558098798267154"","" 1 "",""11"","" 1"",""8.60512453573291"","" 1"",""1.81282596307158"","" 1"",""0.795527711888092"","" 1"",""0.763229988684291"","" 1"",""6.27665930769409"","" 1"",""1882.66666666667"","" 1"""
"4,""D_Sp_int2"",""2"",""25.2865483480178"","" 12"",""55.4527639034681"","" 1"",""62.9885057471264"","" 1"",""19.3015873015873"","" 1"",""2.16176470588235"","" 1"",""3.19015701227914"","" 12"",""2.51464646464647"","" 1"",""2.16765750430799"","" 1234"",""2.47783739709093"","" 1"",""2.54426263307842"","" 12"",""10.6666666666667"","" 1"",""8.79712936626329"","" 1"",""1.50771434861038"","" 1"",""0.637567722436752"","" 1"",""0.640344833557773"","" 1"",""4.92718602267569"","" 1"",""768.666666666667"","" 1"""
"5,""E_Sp_old"",""2"",""22.0363088664002"","" 12"",""56.0896093379129"","" 1"",""51.9199346405229"","" 1"",""27.960927960928"","" 1"",""2.34161220043573"","" 1"",""4.08045459480518"","" 12"",""2.59539969834088"","" 1"",""2.82878470251106"","" 1234"",""2.85137085137085"","" 1"",""1.76683965353662"","" 12"",""9.66666666666667"","" 1"",""7.37782726967927"","" 1"",""1.14851572358917"","" 1"",""0.510588847360687"","" 1"",""0.512832257314528"","" 1"",""3.15381668534674"","" 1"",""1028.66666666667"","" 1"""
"6,""B_Sp_young"",""4"",""10.0228335614973"","" 1 "",""67.4802862482336"","" 1"",""53.4335266301476"","" 1"",""12.3338026354045"","" 1"",""2.84772749679582"","" 1"",""3.12224596391263"","" 12"",""3.05181079083519"","" 1"",""2.62465898637305"",""   34"",""2.80110617961085"","" 1"",""1.12113628412972"","" 12"",""12"","" 1"",""8.85206987831718"","" 1"",""1.59428278750505"","" 1"",""0.680611586052482"","" 1"",""0.644152514655579"","" 1"",""4.09236898892828"","" 1"",""1767.33333333333"","" 1"""
"7,""C_Sp_int1"",""4"",""38.6346544462608"",""  2"",""39.8982439353248"","" 1"",""48.4547681321875"","" 1"",""36.4186327888687"","" 1"",""2.17352680496113"","" 1"",""0.934013142271149"","" 12"",""2.34498974807192"","" 1"",""2.40703919933278"",""  2 4"",""2.39704299228109"","" 1"",""0.924276104783204"","" 12"",""11.3333333333333"","" 1"",""8.98592698826908"","" 1"",""1.70569410322502"","" 1"",""0.750965571093255"","" 1"",""0.701126818160574"","" 1"",""5.68155716195478"","" 1"",""1701.66666666667"","" 1"""
"8,""D_Sp_int2"",""4"",""26.0883244271503"","" 12"",""57.0147562546032"","" 1"",""56.9706775059353"","" 1"",""25.7439469606474"","" 1"",""2.04855446055049"","" 1"",""1.76344968836626"","" 1 "",""2.60214172395558"","" 1"",""2.35178333523547"","" 1234"",""2.5394015082089"","" 1"",""0.767900036051892"","" 12"",""12.3333333333333"","" 1"",""10.942521454102"","" 1"",""1.98521984523611"","" 1"",""0.802131994129429"","" 1"",""0.791394073590363"","" 1"",""7.39667994144063"","" 1"",""1005"","" 1"""
"9,""E_Sp_old"",""4"",""27.8013165887135"","" 12"",""58.0261195673002"","" 1"",""52.8193118357053"","" 1"",""37.6238883299217"","" 1"",""2.37453542392567"","" 1"",""10.937908496732"",""  2"",""2.56998556998557"","" 1"",""2.88898783755927"","" 1234"",""2.69902971925848"","" 1"",""4.52033259540375"",""  2"",""12"","" 1"",""9.82579133716342"","" 1"",""1.69010857540861"","" 1"",""0.712522635970203"","" 1"",""0.68014972536405"","" 1"",""5.64684109038077"","" 1"",""1410"","" 1"""
",""contrast"",""samcam"",""BI"",""BI"",""SI"",""SI"",""EI"",""EI"",""CI"",""CI"",""MI"",""MI"",""PPI"",""PPI"",""MI25"",""MI25"",""sigmaMI"",""sigmaMI"",""sigmaMI25"",""sigmaMI25"",""PPI.1"",""PPI.1"",""SR"",""SR"",""rarefy"",""rarefy"",""H"",""H"",""D"",""D"",""J"",""J"",""H1"",""H1"",""N"",""N"""
"1,""B_Sp_young - C_Sp_int1"",""2"",""4.08"",""0.937"",""5.66"",""0.992"",""-1.18"",""1"",""-20.55"",""0.633"",""0.14"",""0.971"",""1.5"",""0.93"",""0.11"",""0.988"",""0.29"",""0.62"",""0.16"",""0.878"",""0.58"",""0.954"",""0"",""1"",""0.16"",""0.999"",""-0.16"",""0.917"",""-0.07"",""0.87"",""-0.07"",""0.887"",""-0.94"",""0.902"",""-463"",""0.719"""
"2,""B_Sp_young - D_Sp_int2"",""2"",""-2.52"",""0.977"",""-11.23"",""0.941"",""3.36"",""0.992"",""-12"",""0.894"",""-0.11"",""0.987"",""-0.62"",""0.996"",""-0.08"",""0.994"",""0.13"",""0.942"",""0.04"",""0.997"",""-1.4"",""0.613"",""0.33"",""0.993"",""-0.03"",""1"",""0.15"",""0.935"",""0.09"",""0.797"",""0.05"",""0.957"",""0.41"",""0.991"",""651"",""0.467"""
"3,""B_Sp_young - E_Sp_old"",""2"",""0.73"",""0.999"",""-11.86"",""0.931"",""14.43"",""0.637"",""-20.66"",""0.63"",""-0.29"",""0.811"",""-1.51"",""0.929"",""-0.16"",""0.96"",""-0.53"",""0.199"",""-0.33"",""0.427"",""-0.63"",""0.945"",""1.33"",""0.723"",""1.39"",""0.57"",""0.5"",""0.221"",""0.21"",""0.151"",""0.18"",""0.323"",""2.18"",""0.416"",""391"",""0.808"""
"4,""C_Sp_int1 - D_Sp_int2"",""2"",""-6.6"",""0.786"",""-16.89"",""0.83"",""4.54"",""0.981"",""8.55"",""0.958"",""-0.25"",""0.869"",""-2.12"",""0.875"",""-0.19"",""0.939"",""-0.16"",""0.9"",""-0.11"",""0.947"",""-1.99"",""0.331"",""0.33"",""0.993"",""-0.19"",""0.998"",""0.31"",""0.621"",""0.16"",""0.368"",""0.12"",""0.622"",""1.35"",""0.764"",""1114"",""0.09"""
"5,""C_Sp_int1 - E_Sp_old"",""2"",""-3.35"",""0.963"",""-17.52"",""0.814"",""15.61"",""0.579"",""-0.11"",""1"",""-0.43"",""0.566"",""-3.01"",""0.636"",""-0.27"",""0.848"",""-0.82"",""0.032"",""-0.49"",""0.148"",""-1.21"",""0.713"",""1.33"",""0.723"",""1.23"",""0.661"",""0.66"",""0.074"",""0.28"",""0.038"",""0.25"",""0.102"",""3.12"",""0.149"",""854"",""0.246"""
"6,""D_Sp_int2 - E_Sp_old"",""2"",""3.25"",""0.953"",""-0.64"",""1"",""11.07"",""0.795"",""-8.66"",""0.956"",""-0.18"",""0.942"",""-0.89"",""0.989"",""-0.08"",""0.995"",""-0.66"",""0.089"",""-0.37"",""0.331"",""0.78"",""0.901"",""1"",""0.859"",""1.42"",""0.554"",""0.36"",""0.493"",""0.13"",""0.548"",""0.13"",""0.594"",""1.77"",""0.585"",""-260"",""0.932"""
"7,""B_Sp_young - C_Sp_int1"",""4"",""-28.61"",""0.006"",""27.58"",""0.528"",""4.98"",""0.975"",""-24.08"",""0.617"",""0.67"",""0.207"",""2.19"",""0.866"",""0.71"",""0.204"",""0.22"",""0.797"",""0.4"",""0.271"",""0.2"",""0.998"",""0.67"",""0.952"",""-0.13"",""0.999"",""-0.11"",""0.979"",""-0.07"",""0.914"",""-0.06"",""0.959"",""-1.59"",""0.664"",""65.67"",""0.999"""
"8,""B_Sp_young - D_Sp_int2"",""4"",""-16.07"",""0.152"",""10.47"",""0.951"",""-3.54"",""0.991"",""-13.41"",""0.901"",""0.8"",""0.163"",""1.36"",""0.947"",""0.45"",""0.559"",""0.27"",""0.685"",""0.26"",""0.613"",""0.35"",""0.989"",""-0.33"",""0.993"",""-2.09"",""0.24"",""-0.39"",""0.537"",""-0.12"",""0.682"",""-0.15"",""0.591"",""-3.3"",""0.118"",""762.33"",""0.335"""
"9,""B_Sp_young - E_Sp_old"",""4"",""-17.78"",""0.101"",""9.45"",""0.963"",""0.61"",""1"",""-25.29"",""0.581"",""0.47"",""0.482"",""-7.82"",""0.037"",""0.48"",""0.504"",""-0.26"",""0.691"",""0.1"",""0.961"",""-3.4"",""0.039"",""0"",""1"",""-0.97"",""0.796"",""-0.1"",""0.987"",""-0.03"",""0.991"",""-0.04"",""0.989"",""-1.55"",""0.679"",""357.33"",""0.846"""
"10,""C_Sp_int1 - D_Sp_int2"",""4"",""12.55"",""0.238"",""-17.12"",""0.824"",""-8.52"",""0.893"",""10.67"",""0.922"",""0.12"",""0.985"",""-0.83"",""0.991"",""-0.26"",""0.87"",""0.06"",""0.996"",""-0.14"",""0.904"",""0.16"",""0.999"",""-1"",""0.859"",""-1.96"",""0.29"",""-0.28"",""0.681"",""-0.05"",""0.947"",""-0.09"",""0.805"",""-1.72"",""0.61"",""696.67"",""0.41"""
"11,""C_Sp_int1 - E_Sp_old"",""4"",""10.83"",""0.35"",""-18.13"",""0.799"",""-4.36"",""0.983"",""-1.21"",""1"",""-0.2"",""0.922"",""-10"",""0.016"",""-0.22"",""0.908"",""-0.48"",""0.249"",""-0.3"",""0.503"",""-3.6"",""0.028"",""-0.67"",""0.952"",""-0.84"",""0.857"",""0.02"",""1"",""0.04"",""0.976"",""0.02"",""0.997"",""0.03"",""1"",""291.67"",""0.908"""
"12,""D_Sp_int2 - E_Sp_old"",""4"",""-1.71"",""0.992"",""-1.01"",""1"",""4.15"",""0.985"",""-11.88"",""0.897"",""-0.33"",""0.799"",""-9.17"",""0.014"",""0.03"",""1"",""-0.54"",""0.19"",""-0.16"",""0.871"",""-3.75"",""0.021"",""0.33"",""0.993"",""1.12"",""0.722"",""0.3"",""0.644"",""0.09"",""0.778"",""0.11"",""0.69"",""1.75"",""0.595"",""-405"",""0.792"""
",""contrast"",""age_class"",""BI"",""BI"",""SI"",""SI"",""EI"",""EI"",""CI"",""CI"",""MI"",""MI"",""PPI"",""PPI"",""MI25"",""MI25"",""sigmaMI"",""sigmaMI"",""sigmaMI25"",""sigmaMI25"",""PPI.1"",""PPI.1"",""SR"",""SR"",""rarefy"",""rarefy"",""H"",""H"",""D"",""D"",""J"",""J"",""H1"",""H1"",""N"",""N"""
"1,""2 - 4"",""B_Sp_young"",""12.74"",""0.063"",""-23.26"",""0.13"",""12.92"",""0.315"",""-5.03"",""0.792"",""-0.79"",""0.012"",""-0.56"",""0.791"",""-0.62"",""0.04"",""-0.33"",""0.004"",""-0.28"",""0.076"",""0.02"",""0.985"",""-1"",""0.425"",""-0.08"",""0.937"",""0.06"",""0.841"",""0.04"",""0.7"",""0.05"",""0.695"",""1.24"",""0.394"",""-347.67"",""0.449"""
"2,""2 - 4"",""C_Sp_int1"",""-19.95"",""0.01"",""-1.33"",""0.925"",""19.08"",""0.152"",""-8.57"",""0.605"",""-0.26"",""0.309"",""0.13"",""0.958"",""-0.02"",""0.93"",""-0.4"",""0.002"",""-0.03"",""0.816"",""-0.37"",""0.731"",""-0.33"",""0.787"",""-0.38"",""0.72"",""0.11"",""0.679"",""0.04"",""0.65"",""0.06"",""0.555"",""0.6"",""0.678"",""181"",""0.689"""
"3,""2 - 4"",""D_Sp_int2"",""-0.8"",""0.874"",""-1.56"",""0.913"",""6.02"",""0.631"",""-6.44"",""0.696"",""0.11"",""0.699"",""1.43"",""0.571"",""-0.09"",""0.739"",""-0.18"",""0.084"",""-0.06"",""0.667"",""1.78"",""0.123"",""-1.67"",""0.199"",""-2.15"",""0.07"",""-0.48"",""0.095"",""-0.16"",""0.123"",""-0.15"",""0.175"",""-2.47"",""0.111"",""-236.33"",""0.603"""
"4,""2 - 4"",""E_Sp_old"",""-5.77"",""0.277"",""-1.94"",""0.892"",""-0.9"",""0.942"",""-9.66"",""0.56"",""-0.03"",""0.892"",""-6.86"",""0.014"",""0.03"",""0.923"",""-0.06"",""0.526"",""0.15"",""0.301"",""-2.75"",""0.028"",""-2.33"",""0.086"",""-2.45"",""0.044"",""-0.54"",""0.065"",""-0.2"",""0.068"",""-0.17"",""0.138"",""-2.49"",""0.109"",""-381.33"",""0.408"""
",""Env"",""DF"",""BI"",""BI"",""SI"",""SI"",""EI"",""EI"",""CI"",""CI"",""MI"",""MI"",""PPI"",""PPI"",""MI25"",""MI25"",""sigmaMI"",""sigmaMI"",""sigmaMI25"",""sigmaMI25"",""PPI.1"",""PPI.1"",""SR"",""SR"",""rarefy"",""rarefy"",""H"",""H"",""D"",""D"",""J"",""J"",""H1"",""H1"",""N"",""N"""
"1,""X"",""X"",""CHI2"",""p-value"",""CHI2"",""p-value"",""CHI2"",""p-value"",""CHI2"",""p-value"",""CHI2"",""p-value"",""CHI2"",""p-value"",""CHI2"",""p-value"",""CHI2"",""p-value"",""CHI2"",""p-value"",""CHI2"",""p-value"",""CHI2"",""p-value"",""CHI2"",""p-value"",""CHI2"",""p-value"",""CHI2"",""p-value"",""CHI2"",""p-value"",""CHI2"",""p-value"",""CHI2"",""p-value"""
"2,""(Intercept)"",""1"",""26.47"",""0"",""9.91"",""0.002"",""60.64"",""0"",""0.37"",""0.545"",""81.77"",""0"",""2.1"",""0.147"",""103.93"",""0"",""187.79"",""0"",""286.62"",""0"",""2.03"",""0.154"",""150.21"",""0"",""136.57"",""0"",""88.32"",""0"",""118.21"",""0"",""94.73"",""0"",""29.89"",""0"",""21.07"",""0"""
"3,""age_class"",""3"",""0.94"",""0.817"",""1.13"",""0.77"",""2.09"",""0.553"",""1.96"",""0.58"",""1.87"",""0.601"",""1.52"",""0.678"",""0.72"",""0.868"",""12.78"",""0.005"",""5.94"",""0.115"",""3.4"",""0.334"",""1.48"",""0.686"",""2.45"",""0.484"",""7.79"",""0.05"",""10.17"",""0.017"",""6.63"",""0.085"",""5.39"",""0.145"",""7.39"",""0.06"""
"4,""samcam"",""1"",""5.15"",""0.023"",""2.84"",""0.092"",""1.15"",""0.284"",""0.08"",""0.779"",""11.38"",""0.001"",""0.08"",""0.782"",""5.98"",""0.014"",""19.8"",""0"",""4.16"",""0.041"",""0"",""0.984"",""0.71"",""0.401"",""0.01"",""0.935"",""0.04"",""0.832"",""0.17"",""0.682"",""0.17"",""0.677"",""0.81"",""0.368"",""0.63"",""0.426"""
"5,""age_class:samcam"",""3"",""17.47"",""0.001"",""1.85"",""0.605"",""1.54"",""0.673"",""0.05"",""0.997"",""7.91"",""0.048"",""9.33"",""0.025"",""4.19"",""0.242"",""10.33"",""0.016"",""4.98"",""0.173"",""9.84"",""0.02"",""1.57"",""0.667"",""4.14"",""0.247"",""5.47"",""0.14"",""5.6"",""0.133"",""4.35"",""0.226"",""6.18"",""0.103"",""1.05"",""0.788"""
"6,""R2m"",NA,NA,""0.48"",NA,""0.14"",NA,""0.18"",NA,""0.19"",NA,""0.33"",NA,""0.52"",NA,""0.22"",NA,""0.51"",NA,""0.31"",NA,""0.45"",NA,""0.22"",NA,""0.36"",NA,""0.38"",NA,""0.39"",NA,""0.31"",NA,""0.35"",NA,""0.34"""
"7,""R2c"",NA,NA,""0.69"",NA,""0.58"",NA,""0.18"",NA,""0.3"",NA,""0.65"",NA,""0.69"",NA,""0.56"",NA,""0.95"",NA,""0.71"",NA,""0.55"",NA,""0.32"",NA,""0.4"",NA,""0.38"",NA,""0.39"",NA,""0.31"",NA,""0.35"",NA,""0.34"""
"8,""X"",""X"",""normal"",""normal"",""normal"",""normal"",""normal"",""normal"",""normal"",""normal"",""normal"",""normal"",""normal"",""normal"",""normal"",""normal"",""normal"",""normal"",""normal"",""normal"",""normal"",""normal"",""normal"",""normal"",""normal"",""normal"",""normal"",""normal"",""normal"",""normal"",""normal"",""normal"",""normal"",""normal"",""normal"",""normal"""
"","Env","DF","BI","BI","SI","SI","EI","EI","CI","CI","MI","MI","PPI","PPI","MI25","MI25","sigmaMI","sigmaMI","sigmaMI25","sigmaMI25","PPI.1","PPI.1","SR","SR","rarefy","rarefy","H","H","D","D","J","J","H1","H1","N","N"
"1","X","X","F","p-value","F","p-value","F","p-value","F","p-value","F","p-value","F","p-value","F","p-value","F","p-value","F","p-value","F","p-value","F","p-value","F","p-value","F","p-value","F","p-value","F","p-value","F","p-value","F","p-value"
"2","age_class","4","0.39","0.812","0.47","0.754","0.12","0.972","0.55","0.702","0.95","0.466","1.75","0.205","0.46","0.763","2.69","0.078","1.87","0.176","1.34","0.312","1.14","0.383","0.28","0.888","1.99","0.156","2.27","0.118","2.57","0.088","1.87","0.176","8.77","0.001"
"3","R2m",NA,NA,"0.08",NA,"0.1",NA,"0.03",NA,"0.11",NA,"0.18",NA,"0.3",NA,"0.1",NA,"0.39",NA,"0.31",NA,"0.25",NA,"0.21",NA,"0.06",NA,"0.32",NA,"0.35",NA,"0.38",NA,"0.31",NA,"0.69"
"4","R2c",NA,NA,"0.08",NA,"0.1",NA,"0.03",NA,"0.11",NA,"0.18",NA,"0.3",NA,"0.1",NA,"0.39",NA,"0.31",NA,"0.25",NA,"0.21",NA,"0.06",NA,"0.32",NA,"0.35",NA,"0.38",NA,"0.31",NA,"0.69"
"5","X","X","normal","normal","normal","normal","normal","normal","normal","normal","normal","normal","normal","normal","normal","normal","normal","normal","normal","normal","normal","normal","normal","normal","normal","normal","normal","normal","normal","normal","normal","normal","normal","normal","normal","normal"
"","Env","DF","BI","BI","SI","SI","EI","EI","CI","CI","MI","MI","PPI","PPI","MI25","MI25","sigmaMI","sigmaMI","sigmaMI25","sigmaMI25","PPI.1","PPI.1","SR","SR","rarefy","rarefy","H","H","D","D","J","J","H1","H1","N","N"
"1","X","X","F","p-value","F","p-value","F","p-value","F","p-value","F","p-value","F","p-value","F","p-value","F","p-value","F","p-value","F","p-value","F","p-value","F","p-value","F","p-value","F","p-value","F","p-value","F","p-value","F","p-value"
"2","NA","NA","NA","NA","NA","NA","NA","NA","NA","NA","NA","NA","NA","NA","NA","NA","NA","NA","NA","NA","NA","NA","NA","NA","NA","NA","NA","NA","NA","NA","NA","NA","NA","NA","NA","NA"
"3","R2m",NA,NA,"0.08",NA,"0.1",NA,"0.03",NA,"0.11",NA,"0.18",NA,"0.3",NA,"0.1",NA,"0.39",NA,"0.31",NA,"0.25",NA,"0.21",NA,"0.06",NA,"0.32",NA,"0.35",NA,"0.38",NA,"0.31",NA,"0.69"
"4","R2c",NA,NA,"0.08",NA,"0.1",NA,"0.03",NA,"0.11",NA,"0.18",NA,"0.3",NA,"0.1",NA,"0.39",NA,"0.31",NA,"0.25",NA,"0.21",NA,"0.06",NA,"0.32",NA,"0.35",NA,"0.38",NA,"0.31",NA,"0.69"
"5","X","X","normal","normal","normal","normal","normal","normal","normal","normal","normal","normal","normal","normal","normal","normal","normal","normal","normal","normal","normal","normal","normal","normal","normal","normal","normal","normal","normal","normal","normal","normal","normal","normal","normal","normal"
"","Contrast","estimate","p-value","estimate","p-value","estimate","p-value","estimate","p-value","estimate","p-value","estimate","p-value","estimate","p-value","estimate","p-value","estimate","p-value","estimate","p-value","estimate","p-value","estimate","p-value","estimate","p-value","estimate","p-value","estimate","p-value","estimate","p-value","estimate","p-value"
"1","A_Cm - avg(B_Sp_young,C_Sp_int1,D_Sp_int2,E_Sp_old)","5.542","0.429","-6.284","0.59","-3.527","0.696","-7.308","0.425","-0.151","0.301","0.106","0.838","-0.07","0.715","-0.341","0.025","-0.126","0.251","0.146","0.531","-1.75","0.072","-0.473","0.481","-0.018","0.881","0","1","0.027","0.519","-0.045","0.952","-2882.797","0.001"
"","Contrast","estimate","p-value","estimate","p-value","estimate","p-value","estimate","p-value","estimate","p-value","estimate","p-value","estimate","p-value","estimate","p-value","estimate","p-value","estimate","p-value","estimate","p-value","estimate","p-value","estimate","p-value","estimate","p-value","estimate","p-value","estimate","p-value","estimate","p-value"
"1","B_Sp_young - A_Cm","-9.94","0.676","12.995","0.802","6.818","0.916","-2.307","0.993","0.278","0.459","0.545","0.821","0.25","0.729","0.347","0.259","0.212","0.446","0.098","0.977","2.167","0.305","0.662","0.846","0.015","0.999","0","1","-0.033","0.908","-0.078","0.999","417.329","0.947"
"2","C_Sp_int1 - A_Cm","0.333","1","-7.902","0.934","4.222","0.972","10.05","0.805","-0.062","0.977","-1.238","0.293","-0.147","0.914","0.08","0.954","-0.078","0.922","-0.558","0.28","1.5","0.585","0.652","0.851","0.215","0.506","0.073","0.549","0.05","0.778","1.425","0.481","4508.446","0.001"
"3","D_Sp_int2 - A_Cm","-6.123","0.881","9.928","0.89","4.248","0.972","6.473","0.926","0.148","0.831","-0.377","0.943","0.08","0.979","0.433","0.124","0.058","0.961","-0.272","0.83","1.167","0.74","0.598","0.876","0.122","0.831","0.043","0.837","0.02","0.972","0.582","0.912","3551.779","0.009"
"4","E_Sp_old - A_Cm","-6.437","0.868","10.115","0.885","-1.178","0.999","15.017","0.579","0.238","0.575","0.645","0.746","0.097","0.967","0.503","0.065","0.312","0.168","0.148","0.94","2.167","0.305","-0.022","1","-0.282","0.297","-0.117","0.203","-0.147","0.085","-1.748","0.322","3053.633","0.022"
